Year,S,Nb_LD_est,Nb_LD_lower,Nb_LD_upper,r_star,p_crit,Scenario,Nb_SA_est,Nb_SA_lower,Nb_SA_upper,FS_count_Nb_SA,HS_count_Nb_SA
2010,29,62.7,33.1,247.2,0.004782,0.05,scenario_final,96,58,179,7,3
2011,39,207.1,109.2,1168.6,0.001593,0.05,scenario_final,228,147,494,4,5
2012,52,200.1,125.7,443.7,0.00164899999999999,0.05,scenario_final,204,138,355,8,15
2013,63,180.5,122.8,319.6,0.001825,0.05,scenario_final,163,114,245,16,22
2014,22,93.9,43.4,Inf,0.00322,0.05,scenario_final,132,70,445,3,1
