Year,S,Nb_LD_est,Nb_LD_lower,Nb_LD_upper,r_star,Scenario,Nb_SA_est,Nb_SA_lower,Nb_SA_upper
2010,29,61.2,31.9,257.4,0.004894,scenario_03,81,51,153
2011,41,205.7,109.8,1023.9,0.00160399999999999,scenario_03,156,100,280
2012,52,214.8,134,489.2,0.001537,scenario_03,156,104,249
2013,64,171.9,117.3,301.7,0.00191599999999999,scenario_03,137,98,199
2014,23,103.3,48.8,10445.4,0.002931,scenario_03,127,69,508
