Year,S,Nb_LD_est,Nb_LD_lower,Nb_LD_upper,r_star,p_crit,Scenario,Nb_SA_est,Nb_SA_lower,Nb_SA_upper,FS_count_Nb_SA,HS_count_Nb_SA
2010,29,63.7,38.7,2359.4,0.003623,0.05,scenario_final,96,58,188,7,3
2011,39,212.6,98.8,477.6,0.00195499999999999,0.05,scenario_final,228,137,528,4,5
2012,52,202.6,101.3,239.7,0.00227199999999999,0.05,scenario_final,204,139,361,8,16
2013,63,181.5,127.9,358.6,0.00171599999999999,0.05,scenario_final,159,114,232,16,21
2014,22,92.2,35.4,246.4,0.004595,0.05,scenario_final,132,75,449,3,1
