Year,S,Nb_LD_est,Nb_LD_lower,Nb_LD_upper,r_star,p_crit
2010,29,62,32.6,252.3,0.004831000000000002,0.05
2011,39,206.9,109.5,1127.8,0.0015949999999999992,0.05
2012,52,200.9,125.9,448.4,0.001642000000000001,0.05
2013,63,179.4,121.9,318.5,0.0018360000000000008,0.05
2014,22,92.9,42.8,Inf,0.003255999999999995,0.05
