Year,S,Nb_LD_est,Nb_LD_lower,Nb_LD_upper,r_star,p_crit
2010,29,62.7,33.1,247.2,0.004782,0.05
2011,39,207.1,109.2,1168.6,0.001593,0.05
2012,52,200.1,125.7,443.7,0.00164899999999999,0.05
2013,63,180.5,122.8,319.6,0.001825,0.05
2014,22,93.9,43.4,Inf,0.00322,0.05
