Year,S,Nb_LD_est,Nb_LD_lower,Nb_LD_upper,r_star,p_crit
2010,29,62.7,33.1,247.2,0.0047820000000000015,0.05
2011,39,207.1,109.2,1168.6,0.0015930000000000007,0.05
2012,52,200.1,125.7,443.7,0.0016489999999999977,0.05
2013,63,180.5,122.8,319.6,0.0018250000000000002,0.05
2014,22,93.9,43.4,Inf,0.0032200000000000006,0.05
