Year,S,Nb_LD_est,Nb_LD_lower,Nb_LD_upper,r_star,p_crit
2010,29,62.4,33,246.8,0.004801,0.05
2011,40,214.8,113.9,1153.1,0.001537,0.05
2012,51,202.2,123.8,487.9,0.001632,0.05
2013,62,172.8,117.9,303.8,0.001906,0.05
2014,23,99.4,47.2,4025.9,0.003048,0.05
