Year,S,Nb_LD_est,Nb_LD_lower,Nb_LD_upper,r_star,p_crit
2010,29,62.2,32.6,256.9,0.00481599999999999,0.05
2011,39,208.2,110.1,1146.7,0.00158499999999999,0.05
2012,51,208.2,127.7,501.6,0.001585,0.05
2013,62,173.5,118.4,304.9,0.001898,0.05
2014,23,101.4,48.2,4371,0.002986,0.05
