Year,S,Nb_LD_est,Nb_LD_lower,Nb_LD_upper,r_star,p_crit
2010,29,61.2,31.9,257.4,0.0048940000000000025,0.05
2011,41,205.7,109.8,1023.9,0.0016039999999999978,0.05
2012,52,214.8,134,489.2,0.0015370000000000002,0.05
2013,64,171.9,117.3,301.7,0.0019159999999999976,0.05
2014,23,103.3,48.8,10445.4,0.002931000000000003,0.05
