Year,S,Nb_LD_est,Nb_LD_lower,Nb_LD_upper,r_star,p_crit
2010,29,62.1,32.7,249.5,0.004823000000000001,0.05
2011,39,208.1,110.1,1135.9,0.0015859999999999971,0.05
2012,52,201.9,126.7,449,0.001634,0.05
2013,63,179.8,121.9,320.8,0.0018330000000000013,0.05
2014,22,93.8,43.1,Inf,0.0032259999999999997,0.05
